Designator,Footprint,Quantity,Value,LCSC Part #
BT1,JST_PH_S2B-PH-K_1x02_P2.00mm_Horizontal,1,Battery_Cell,
"C1, C3, C7",0603,3,100n,
"C2, C5, C6",0603,3,10u,
"D1, D2",0603,2,LED,
J1,USB_C_Receptacle_GCT_USB4125-xx-x-0190_6P_TopMnt_Horizontal,1,USB_C_Receptacle_PowerOnly_6P,
"J2, J3",HARWIN_P70-7000045,2,P70-7000045,
Q1,SOT-26_DIO,1,DMG9926UDM-7,
R1,2512,1,0.1,
"R10, R8",0603,2,680,
"R2, R3",0603,2,4.7k,
R4,0603,1,1.2k,
"R5, R6",0603,2,5.1k,
R7,0603,1,100,
R9,0603,1,1k,
"TP1, TP2, TP3, TP4, TP5, TP6, TP7, TP8",TestPoint_Pad_D1.0mm,8,TestPoint,
U1,XIAO-ESP32-C6-DIP,1,XIAO-ESP32-DIP,
U2,LGA-16_3x3mm_P0.5mm_LayoutBorder3x5y,1,LIS3DH,
U3,SOT-23-6,1,DW01A,
U4,MSOP-10_3x3mm_P0.5mm,1,INA226AIDGSR,C49851
U5,SOIC-8-1EP_3.9x4.9mm_P1.27mm_EP2.41x3.3mm_ThermalVias,1,TP4056-42-ESOP8,
